{
  "sample_rate": 500,
  "window_sec": 0.06,
  "threshold": 33.81699228286743,
  "min_blink_sec": 0.08,
  "max_blink_sec": 0.35,
  "refractory_sec": 0.5,
  "stats": {
    "open": {
      "mean": 10.905847549438477,
      "std": 15.274096488952637,
      "median": 6.0889739990234375,
      "p10": 2.0225676536560058,
      "p90": 23.874953460693376
    },
    "closed": {
      "mean": 12.569096565246582,
      "std": 16.28455924987793,
      "median": 7.096743583679199,
      "p10": 2.0863037586212156,
      "p90": 28.859132766723636
    },
    "recordings": 17,
    "windows_open": 165668,
    "windows_closed": 165668
  }
}